{
  "version": 1,
  "projectStartedAt": 1773279294232,
  "units": [
    {
      "type": "execute-task",
      "id": "M001/S01/T01",
      "model": "claude-sonnet-4-6",
      "startedAt": 1773279294253,
      "finishedAt": 1773279696461,
      "tokens": {
        "input": 81,
        "output": 16467,
        "cacheRead": 5108176,
        "cacheWrite": 77093,
        "total": 5201817
      },
      "cost": 2.06879955,
      "toolCalls": 0,
      "assistantMessages": 79,
      "userMessages": 0
    },
    {
      "type": "execute-task",
      "id": "M001/S01/T02",
      "model": "claude-sonnet-4-6",
      "startedAt": 1773279696463,
      "finishedAt": 1773279798825,
      "tokens": {
        "input": 23,
        "output": 4155,
        "cacheRead": 746492,
        "cacheWrite": 13943,
        "total": 764613
      },
      "cost": 0.33862784999999995,
      "toolCalls": 0,
      "assistantMessages": 21,
      "userMessages": 0
    },
    {
      "type": "reassess-roadmap",
      "id": "M001/S01",
      "model": "claude-sonnet-4-6",
      "startedAt": 1773279798826,
      "finishedAt": 1773279836233,
      "tokens": {
        "input": 7,
        "output": 1644,
        "cacheRead": 157386,
        "cacheWrite": 10151,
        "total": 169188
      },
      "cost": 0.10996304999999998,
      "toolCalls": 0,
      "assistantMessages": 5,
      "userMessages": 0
    },
    {
      "type": "complete-slice",
      "id": "M001/S01",
      "model": "claude-sonnet-4-6",
      "startedAt": 1773279836233,
      "finishedAt": 1773280012581,
      "tokens": {
        "input": 23,
        "output": 8076,
        "cacheRead": 824989,
        "cacheWrite": 20562,
        "total": 853650
      },
      "cost": 0.4458132,
      "toolCalls": 0,
      "assistantMessages": 21,
      "userMessages": 0
    }
  ]
}
